{"cameraMode":{"drawMode":0,"name":"Shaded","section":"Shading Mode"},"sceneLighting":true,"audioPlay":false,"sceneViewState":{"m_AlwaysRefresh":false,"showFog":true,"showSkybox":true,"showFlares":true,"showImageEffects":true,"showParticleSystems":true,"showVisualEffectGraphs":true,"m_FxEnabled":true},"in2DMode":false,"pivot":{"x":-4.807342052459717,"y":-14.91971206665039,"z":17.640750885009767},"rotation":{"x":0.21302379667758943,"y":0.035148561000823978,"z":-0.007758943364024162,"w":0.9764084219932556},"size":16.84949493408203,"orthographic":false}